class_id,cub_label,common_name,scientific_name_requested,match_note,mapped,Species2,Family2,Order2,Avibase.ID2,Total.individuals,Female,Male,Unknown,Complete.measures,Beak.Length_Culmen,Beak.Length_Nares,Beak.Width,Beak.Depth,Tarsus.Length,Wing.Length,Kipps.Distance,Secondary1,Hand-Wing.Index,Tail.Length,Mass,Mass.Source,Mass.Refs.Other,Inference,Traits.inferred,Reference.species,Habitat,Habitat.Density,Migration,Trophic.Level,Trophic.Niche,Primary.Lifestyle
1,Black_footed_Albatross,Black footed Albatross,Phoebastria nigripes,eBird common-name exact match after punctuation and possessive normalization,True,Phoebastria nigripes,Diomedeidae,Procellariiformes,AVIBASE-EE8ECB1D,5.0,3.0,2.0,0.0,4.0,101.2,67.8,23.8,30.8,87.4,476.0,313.2,171.2,64.7,136.0,3188.4,Dunning,,NO,,,Marine,3.0,2.0,Carnivore,Aquatic predator,Aquatic
2,Laysan_Albatross,Laysan Albatross,Phoebastria immutabilis,eBird common-name exact match after punctuation and possessive normalization,True,Phoebastria immutabilis,Diomedeidae,Procellariiformes,AVIBASE-98FB6D4B,5.0,2.0,3.0,0.0,2.0,108.0,74.6,20.7,28.2,82.6,474.4,313.0,159.5,66.2,147.2,3145.9,Dunning,,NO,,,Marine,3.0,2.0,Carnivore,Aquatic predator,Aquatic
3,Sooty_Albatross,Sooty Albatross,Phoebetria fusca,eBird common-name exact match after punctuation and possessive normalization,True,Phoebetria fusca,Diomedeidae,Procellariiformes,AVIBASE-4976BF1D,4.0,1.0,3.0,0.0,4.0,108.9,71.4,17.6,29.8,76.2,510.2,348.5,161.8,68.3,268.8,2553.7,Dunning,,NO,,,Marine,3.0,2.0,Carnivore,Aquatic predator,Aquatic
4,Groove_billed_Ani,Groove billed Ani,Crotophaga sulcirostris,eBird common-name exact match after punctuation and possessive normalization,True,Crotophaga sulcirostris,Cuculidae,Cuculiformes,AVIBASE-C5B34740,15.0,5.0,4.0,6.0,4.0,26.9,17.7,9.5,16.5,33.8,129.3,24.8,103.0,19.3,162.7,82.0,Dunning,,NO,,,Human Modified,3.0,1.0,Carnivore,Invertivore,Terrestrial
5,Crested_Auklet,Crested Auklet,Aethia cristatella,eBird common-name exact match after punctuation and possessive normalization,True,Aethia cristatella,Alcidae,Charadriiformes,AVIBASE-3DC4EBB8,5.0,2.0,3.0,0.0,4.0,21.1,7.1,6.1,10.9,27.4,139.4,61.0,77.2,44.1,38.0,259.4,Dunning,,NO,,,Marine,3.0,3.0,Carnivore,Aquatic predator,Aquatic
6,Least_Auklet,Least Auklet,Aethia pusilla,eBird common-name exact match after punctuation and possessive normalization,True,Aethia pusilla,Alcidae,Charadriiformes,AVIBASE-044509DA,5.0,2.0,3.0,0.0,4.0,15.0,5.7,5.0,6.4,19.0,94.4,37.7,55.6,40.4,27.0,84.0,Dunning,,NO,,,Marine,3.0,3.0,Carnivore,Aquatic predator,Aquatic
7,Parakeet_Auklet,Parakeet Auklet,Aethia psittacula,eBird common-name exact match after punctuation and possessive normalization,True,Aethia psittacula,Alcidae,Charadriiformes,AVIBASE-2B46719D,4.0,2.0,2.0,0.0,4.0,20.1,8.8,6.2,12.6,29.4,146.2,60.2,86.1,41.1,39.0,270.0,Dunning,,NO,,,Marine,3.0,3.0,Carnivore,Aquatic predator,Aquatic
8,Rhinoceros_Auklet,Rhinoceros Auklet,Cerorhinca monocerata,eBird common-name exact match after punctuation and possessive normalization,True,Cerorhinca monocerata,Alcidae,Charadriiformes,AVIBASE-53D94597,4.0,2.0,2.0,0.0,4.0,48.5,25.5,8.5,17.6,29.4,178.8,92.9,85.8,52.0,51.2,482.2,Dunning,,NO,,,Marine,3.0,3.0,Carnivore,Aquatic predator,Aquatic
9,Brewer_Blackbird,Brewer Blackbird,Euphagus cyanocephalus,eBird common-name exact match after punctuation and possessive normalization,True,Euphagus cyanocephalus,Icteridae,Passeriformes,AVIBASE-EA5E858A,5.0,2.0,3.0,0.0,4.0,22.6,14.4,5.8,7.5,31.0,126.4,39.1,86.2,31.2,100.6,62.5,Dunning,,NO,,,Human Modified,3.0,2.0,Carnivore,Omnivore,Terrestrial
10,Red_winged_Blackbird,Red winged Blackbird,Agelaius phoeniceus,eBird common-name exact match after punctuation and possessive normalization,True,Agelaius phoeniceus,Icteridae,Passeriformes,AVIBASE-C86D078E,7.0,2.0,5.0,0.0,6.0,22.7,15.4,5.6,8.8,28.0,118.0,27.8,88.9,24.0,88.9,50.8,Dunning,,NO,,,Wetland,3.0,3.0,Herbivore,Granivore,Generalist
11,Rusty_Blackbird,Rusty Blackbird,Euphagus carolinus,eBird common-name exact match after punctuation and possessive normalization,True,Euphagus carolinus,Icteridae,Passeriformes,AVIBASE-5F77FED5,9.0,4.0,5.0,0.0,4.0,23.0,15.3,5.0,6.6,30.2,114.4,32.1,82.6,28.0,90.0,59.6,Dunning,,NO,,,Forest,2.0,3.0,Omnivore,Omnivore,Terrestrial
12,Yellow_headed_Blackbird,Yellow headed Blackbird,Xanthocephalus xanthocephalus,eBird common-name exact match after punctuation and possessive normalization,True,Xanthocephalus xanthocephalus,Icteridae,Passeriformes,AVIBASE-3E2D0C9B,5.0,2.0,3.0,0.0,4.0,22.5,14.6,6.6,9.1,32.9,129.4,34.2,92.6,27.0,101.9,62.7,Dunning,,NO,,,Wetland,2.0,2.0,Herbivore,Granivore,Terrestrial
13,Bobolink,Bobolink,Dolichonyx oryzivorus,eBird common-name exact match after punctuation and possessive normalization,True,Dolichonyx oryzivorus,Icteridae,Passeriformes,AVIBASE-F845062F,5.0,2.0,3.0,0.0,4.0,16.2,9.8,5.9,7.6,26.5,90.2,32.0,58.5,35.4,61.8,31.5,Dunning,,NO,,,Grassland,1.0,3.0,Omnivore,Granivore,Generalist
14,Indigo_Bunting,Indigo Bunting,Passerina cyanea,eBird common-name exact match after punctuation and possessive normalization,True,Passerina cyanea,Cardinalidae,Passeriformes,AVIBASE-043F337A,31.0,15.0,16.0,0.0,15.0,11.7,7.6,5.1,6.2,17.2,64.8,14.7,50.3,22.5,48.9,14.7,Dunning,,NO,,,Shrubland,2.0,3.0,Herbivore,Granivore,Terrestrial
15,Lazuli_Bunting,Lazuli Bunting,Passerina amoena,eBird common-name exact match after punctuation and possessive normalization,True,Passerina amoena,Cardinalidae,Passeriformes,AVIBASE-9F67F3AF,18.0,7.0,11.0,0.0,11.0,11.8,7.3,4.8,6.1,16.8,70.4,16.5,53.9,23.4,54.2,15.5,Dunning,,NO,,,Shrubland,2.0,3.0,Herbivore,Omnivore,Insessorial
16,Painted_Bunting,Painted Bunting,Passerina ciris,eBird common-name exact match after punctuation and possessive normalization,True,Passerina ciris,Cardinalidae,Passeriformes,AVIBASE-0BDB87DE,23.0,10.0,12.0,1.0,8.0,11.7,7.6,4.9,6.5,18.8,69.6,15.0,54.1,21.6,52.4,15.5,Dunning,,NO,,,Shrubland,2.0,3.0,Herbivore,Granivore,Terrestrial
17,Cardinal,Cardinal,Cardinalis cardinalis,Northern Cardinal; abbreviated common label,True,Cardinalis cardinalis,Cardinalidae,Passeriformes,AVIBASE-4E74AE22,64.0,24.0,40.0,0.0,8.0,17.6,14.7,9.3,12.3,24.5,93.5,14.2,77.7,15.5,101.8,42.6,Dunning,,NO,,,Shrubland,2.0,1.0,Herbivore,Omnivore,Insessorial
18,Spotted_Catbird,Spotted Catbird,Ailuroedus maculosus,eBird common-name exact match after punctuation and possessive normalization,True,Ailuroedus maculosus,Ptilonorhynchidae,Passeriformes,AVIBASE-128E6559,0.0,0.0,0.0,0.0,0.0,33.7,18.1,9.6,14.4,48.6,155.8,31.9,132.6,19.4,113.7,205.3,Inferred,,YES,Beak Culmen; Beak Nares; Beak Width; Beak Depth; Tarsus Length; Wing Length; Kipp's Distance; Secondary1; Hand-Wing Index; Tail Length; Body Mass,Ailuroedus crassirostris,Forest,1.0,1.0,Herbivore,Omnivore,Insessorial
19,Gray_Catbird,Gray Catbird,Dumetella carolinensis,eBird common-name exact match after punctuation and possessive normalization,True,Dumetella carolinensis,Mimidae,Passeriformes,AVIBASE-95B77F08,16.0,5.0,5.0,6.0,7.0,19.2,11.1,4.0,4.8,27.4,90.7,16.8,73.4,18.6,90.3,35.3,Dunning,,NO,,,Shrubland,1.0,3.0,Omnivore,Invertivore,Insessorial
20,Yellow_breasted_Chat,Yellow breasted Chat,Icteria virens,eBird common-name exact match after punctuation and possessive normalization,True,Icteria virens,Icteriidae,Passeriformes,AVIBASE-734C73A9,13.0,7.0,5.0,1.0,5.0,16.3,10.5,4.8,6.3,26.1,76.5,16.3,60.5,21.3,71.8,24.9,Dunning,,NO,,,Forest,2.0,1.0,Carnivore,Invertivore,Insessorial
21,Eastern_Towhee,Eastern Towhee,Pipilo erythrophthalmus,eBird common-name exact match after punctuation and possessive normalization,True,Pipilo erythrophthalmus,Passerellidae,Passeriformes,AVIBASE-6090278A,13.0,6.0,7.0,0.0,8.0,15.4,9.8,5.5,8.2,27.0,82.3,11.1,70.8,13.6,91.7,40.0,Dunning,,NO,,,Forest,2.0,2.0,Herbivore,Omnivore,Generalist
22,Chuck_will_Widow,Chuck will Widow,Antrostomus carolinensis,eBird common-name exact match after punctuation and possessive normalization,True,Antrostomus carolinensis,Caprimulgidae,Caprimulgiformes,AVIBASE-8D3E8871,6.0,1.0,4.0,1.0,4.0,15.2,7.5,6.2,4.0,17.5,207.7,106.2,100.1,51.5,141.1,109.0,Dunning,,NO,,,Woodland,2.0,3.0,Carnivore,Invertivore,Aerial
23,Brandt_Cormorant,Brandt Cormorant,Urile penicillatus,eBird common-name exact match after punctuation and possessive normalization,True,Urile penicillatus,Phalacrocoracidae,Suliformes,AVIBASE-987A703D,5.0,1.0,4.0,0.0,4.0,76.5,60.1,12.7,17.8,65.5,280.6,103.2,174.5,37.1,115.4,2224.2,Dunning,,NO,,,Marine,3.0,2.0,Carnivore,Aquatic predator,Aquatic
24,Red_faced_Cormorant,Red faced Cormorant,Urile urile,eBird common-name exact match after punctuation and possessive normalization,True,Urile urile,Phalacrocoracidae,Suliformes,AVIBASE-05DDE8C1,5.0,2.0,1.0,2.0,4.0,55.5,42.4,9.2,11.6,56.2,270.4,84.7,186.1,31.3,154.2,2117.7,Dunning,,NO,,,Marine,3.0,1.0,Carnivore,Aquatic predator,Aquatic
25,Pelagic_Cormorant,Pelagic Cormorant,Urile pelagicus,eBird common-name exact match after punctuation and possessive normalization,True,Urile pelagicus,Phalacrocoracidae,Suliformes,AVIBASE-A429B5B8,5.0,1.0,2.0,2.0,4.0,51.9,38.8,8.4,10.0,53.6,254.4,87.0,171.3,33.6,137.4,1844.0,Dunning,,NO,,,Marine,3.0,1.0,Carnivore,Aquatic predator,Aquatic
26,Bronzed_Cowbird,Bronzed Cowbird,Molothrus aeneus,eBird common-name exact match after punctuation and possessive normalization,True,Molothrus aeneus,Icteridae,Passeriformes,AVIBASE-D8310D39,13.0,6.0,7.0,0.0,7.0,20.6,13.9,5.7,9.1,27.6,104.8,25.4,76.4,24.9,74.8,62.6,Dunning,,NO,,,Forest,2.0,1.0,Omnivore,Granivore,Terrestrial
27,Shiny_Cowbird,Shiny Cowbird,Molothrus bonariensis,eBird common-name exact match after punctuation and possessive normalization,True,Molothrus bonariensis,Icteridae,Passeriformes,AVIBASE-AA779804,25.0,10.0,14.0,1.0,4.0,19.7,12.5,6.5,8.3,25.5,109.9,29.5,78.2,27.3,82.7,41.5,Dunning,,NO,,,Woodland,2.0,1.0,Omnivore,Invertivore,Terrestrial
28,Brown_Creeper,Brown Creeper,Certhia americana,eBird common-name exact match after punctuation and possessive normalization,True,Certhia americana,Certhiidae,Passeriformes,AVIBASE-BAC33609,6.0,3.0,3.0,0.0,4.0,16.2,9.6,2.0,2.8,14.2,63.6,15.3,48.2,24.1,63.3,8.1,Dunning,,NO,,,Forest,1.0,1.0,Carnivore,Invertivore,Insessorial
29,American_Crow,American Crow,Corvus brachyrhynchos,eBird common-name exact match after punctuation and possessive normalization,True,Corvus brachyrhynchos,Corvidae,Passeriformes,AVIBASE-69544B59,26.0,8.0,17.0,1.0,8.0,49.9,33.2,13.9,16.6,55.0,293.5,106.9,186.2,36.5,167.1,448.8,Dunning,,NO,,,Human Modified,2.0,2.0,Omnivore,Omnivore,Terrestrial
30,Fish_Crow,Fish Crow,Corvus ossifragus,eBird common-name exact match after punctuation and possessive normalization,True,Corvus ossifragus,Corvidae,Passeriformes,AVIBASE-43E56D2C,13.0,4.0,9.0,0.0,4.0,43.3,27.2,13.8,14.8,47.1,276.7,100.6,176.2,36.3,157.1,284.6,Dunning,,NO,,,Coastal,3.0,1.0,Omnivore,Omnivore,Terrestrial
31,Black_billed_Cuckoo,Black billed Cuckoo,Coccyzus erythropthalmus,eBird common-name exact match after punctuation and possessive normalization,True,Coccyzus erythropthalmus,Cuculidae,Cuculiformes,AVIBASE-41E9F54B,5.0,2.0,3.0,0.0,4.0,27.0,17.0,5.7,6.6,22.9,136.9,55.3,80.3,40.8,143.4,50.9,Dunning,,NO,,,Forest,1.0,3.0,Carnivore,Invertivore,Insessorial
32,Mangrove_Cuckoo,Mangrove Cuckoo,Coccyzus minor,eBird common-name exact match after punctuation and possessive normalization,True,Coccyzus minor,Cuculidae,Cuculiformes,AVIBASE-84F096F7,13.0,6.0,5.0,2.0,8.0,31.3,20.6,6.8,9.1,28.1,135.0,43.0,92.5,31.7,155.3,63.9,Dunning,,NO,,,Woodland,2.0,2.0,Carnivore,Invertivore,Insessorial
33,Yellow_billed_Cuckoo,Yellow billed Cuckoo,Coccyzus americanus,eBird common-name exact match after punctuation and possessive normalization,True,Coccyzus americanus,Cuculidae,Cuculiformes,AVIBASE-0CF12F81,12.0,3.0,7.0,2.0,4.0,29.2,20.0,7.0,8.2,24.5,143.4,62.4,82.6,43.0,146.3,64.0,Dunning,,NO,,,Forest,1.0,3.0,Carnivore,Invertivore,Insessorial
34,Gray_crowned_Rosy_Finch,Gray crowned Rosy Finch,Leucosticte tephrocotis,eBird common-name exact match after punctuation and possessive normalization,True,Leucosticte tephrocotis,Fringillidae,Passeriformes,AVIBASE-029491CD,5.0,1.0,4.0,0.0,4.0,12.9,9.9,6.4,8.1,19.6,105.5,38.6,66.2,36.9,69.8,37.8,Dunning,,NO,,,Grassland,3.0,3.0,Herbivore,Omnivore,Terrestrial
35,Purple_Finch,Purple Finch,Haemorhous purpureus,eBird common-name exact match after punctuation and possessive normalization,True,Haemorhous purpureus,Fringillidae,Passeriformes,AVIBASE-B4EE123D,8.0,3.0,5.0,0.0,4.0,12.2,9.1,7.5,9.0,16.6,81.1,22.8,58.2,28.1,59.5,23.3,Dunning,,NO,,,Forest,2.0,2.0,Herbivore,Omnivore,Insessorial
36,Northern_Flicker,Northern Flicker,Colaptes auratus,eBird common-name exact match after punctuation and possessive normalization,True,Colaptes auratus,Picidae,Piciformes,AVIBASE-75600969,30.0,15.0,15.0,0.0,24.0,40.2,29.4,8.5,7.9,28.7,156.9,38.3,119.2,24.3,109.5,131.5,Dunning,,NO,,,Shrubland,2.0,2.0,Carnivore,Invertivore,Generalist
37,Acadian_Flycatcher,Acadian Flycatcher,Empidonax virescens,eBird common-name exact match after punctuation and possessive normalization,True,Empidonax virescens,Tyrannidae,Passeriformes,AVIBASE-2778A3F4,48.0,5.0,8.0,35.0,5.0,13.3,9.1,6.1,4.0,17.1,71.0,19.9,52.1,27.5,58.8,12.6,Dunning,,NO,,,Forest,2.0,3.0,Carnivore,Invertivore,Insessorial
38,Great_Crested_Flycatcher,Great Crested Flycatcher,Myiarchus crinitus,eBird common-name exact match after punctuation and possessive normalization,True,Myiarchus crinitus,Tyrannidae,Passeriformes,AVIBASE-8D6D5F2B,18.0,4.0,6.0,8.0,4.0,22.7,15.5,8.5,6.9,21.8,98.8,21.6,79.4,21.4,88.1,32.1,Dunning,,NO,,,Woodland,1.0,3.0,Omnivore,Invertivore,Insessorial
39,Least_Flycatcher,Least Flycatcher,Empidonax minimus,eBird common-name exact match after punctuation and possessive normalization,True,Empidonax minimus,Tyrannidae,Passeriformes,AVIBASE-F5837054,18.0,2.0,3.0,13.0,4.0,12.4,7.6,5.4,3.5,15.9,61.1,14.2,47.9,22.8,50.8,10.0,Dunning,,NO,,,Forest,1.0,3.0,Carnivore,Invertivore,Insessorial
40,Olive_sided_Flycatcher,Olive sided Flycatcher,Contopus cooperi,eBird common-name exact match after punctuation and possessive normalization,True,Contopus cooperi,Tyrannidae,Passeriformes,AVIBASE-951C150C,8.0,3.0,4.0,1.0,4.0,19.9,12.2,8.5,6.5,14.7,104.7,38.5,63.2,37.9,68.8,32.1,Dunning,,NO,,,Forest,1.0,3.0,Carnivore,Invertivore,Insessorial
41,Scissor_tailed_Flycatcher,Scissor tailed Flycatcher,Tyrannus forficatus,eBird common-name exact match after punctuation and possessive normalization,True,Tyrannus forficatus,Tyrannidae,Passeriformes,AVIBASE-6F65F82B,5.0,2.0,3.0,0.0,3.0,22.4,13.9,7.6,6.0,18.6,121.2,45.1,74.9,37.5,214.0,39.3,Dunning,,NO,,,Human Modified,2.0,3.0,Omnivore,Invertivore,Insessorial
42,Vermilion_Flycatcher,Vermilion Flycatcher,Pyrocephalus rubinus,eBird common-name exact match after punctuation and possessive normalization,True,Pyrocephalus rubinus,Tyrannidae,Passeriformes,AVIBASE-1456993D,29.0,10.0,19.0,0.0,8.0,14.4,9.7,5.4,4.0,16.7,74.3,16.7,57.7,22.4,57.6,14.4,Dunning,,NO,,,Woodland,3.0,3.0,Carnivore,Invertivore,Insessorial
43,Yellow_bellied_Flycatcher,Yellow bellied Flycatcher,Empidonax flaviventris,eBird common-name exact match after punctuation and possessive normalization,True,Empidonax flaviventris,Tyrannidae,Passeriformes,AVIBASE-7B0669CB,35.0,4.0,7.0,24.0,4.0,12.9,8.4,5.7,3.7,17.2,66.9,15.3,48.3,24.1,52.6,11.8,Dunning,,NO,,,Forest,1.0,3.0,Carnivore,Invertivore,Insessorial
44,Frigatebird,Frigatebird,,Ambiguous common/genus label; ecology withheld pending taxonomic verification,False,,,,,,,,,,,,,,,,,,,,,,,,,,,,,,,
45,Northern_Fulmar,Northern Fulmar,Fulmarus glacialis,eBird common-name exact match after punctuation and possessive normalization,True,Fulmarus glacialis,Procellariidae,Procellariiformes,AVIBASE-049D9AEA,8.0,4.0,4.0,0.0,4.0,41.3,23.6,11.9,14.4,48.8,321.1,162.5,155.0,51.1,134.9,611.9,Dunning,,NO,,,Marine,3.0,3.0,Carnivore,Aquatic predator,Aquatic
46,Gadwall,Gadwall,Mareca strepera,eBird common-name exact match after punctuation and possessive normalization,True,Mareca strepera,Anatidae,Anseriformes,AVIBASE-C235A4D7,6.0,3.0,3.0,0.0,4.0,48.7,34.7,16.5,13.7,36.5,251.3,137.0,113.0,54.8,83.0,915.6,Dunning,,NO,,,Wetland,3.0,2.0,Herbivore,Herbivore aquatic,Aquatic
47,American_Goldfinch,American Goldfinch,Spinus tristis,eBird common-name exact match after punctuation and possessive normalization,True,Spinus tristis,Fringillidae,Passeriformes,AVIBASE-C9ABA616,9.0,4.0,5.0,0.0,8.0,11.5,8.2,4.3,6.3,13.5,69.8,19.1,50.3,27.6,48.3,12.8,Dunning,,NO,,,Forest,1.0,1.0,Herbivore,Granivore,Insessorial
48,European_Goldfinch,European Goldfinch,Carduelis carduelis,eBird common-name exact match after punctuation and possessive normalization,True,Carduelis carduelis,Fringillidae,Passeriformes,AVIBASE-1B235E00,30.0,11.0,19.0,0.0,12.0,15.4,11.2,5.5,7.2,14.7,77.4,25.8,51.6,33.4,48.6,16.0,Dunning,,NO,,,Woodland,2.0,1.0,Herbivore,Granivore,Insessorial
49,Boat_tailed_Grackle,Boat tailed Grackle,Quiscalus major,eBird common-name exact match after punctuation and possessive normalization,True,Quiscalus major,Icteridae,Passeriformes,AVIBASE-EF47E15D,5.0,3.0,2.0,0.0,4.0,38.5,28.1,6.9,10.5,42.8,155.0,47.6,111.9,29.7,141.4,151.2,Dunning,,NO,,,Wetland,3.0,1.0,Carnivore,Omnivore,Terrestrial
50,Eared_Grebe,Eared Grebe,Podiceps nigricollis,eBird common-name exact match after punctuation and possessive normalization,True,Podiceps nigricollis,Podicipedidae,Podicipediformes,AVIBASE-32DCEC14,5.0,2.0,2.0,1.0,4.0,26.2,15.4,5.5,5.9,39.6,127.2,55.1,70.1,44.0,28.0,412.4,Dunning,,NO,,,Wetland,3.0,3.0,Carnivore,Aquatic predator,Aquatic
51,Horned_Grebe,Horned Grebe,Podiceps auritus,eBird common-name exact match after punctuation and possessive normalization,True,Podiceps auritus,Podicipedidae,Podicipediformes,AVIBASE-018B3169,6.0,2.0,4.0,0.0,4.0,30.2,15.4,4.7,7.1,42.9,137.8,57.2,78.3,42.2,33.2,453.0,Dunning,,NO,,,Wetland,3.0,3.0,Carnivore,Aquatic predator,Aquatic
52,Pied_billed_Grebe,Pied billed Grebe,Podilymbus podiceps,eBird common-name exact match after punctuation and possessive normalization,True,Podilymbus podiceps,Podicipedidae,Podicipediformes,AVIBASE-9A8E55D0,8.0,2.0,2.0,4.0,4.0,28.8,14.1,5.4,10.6,37.1,125.6,41.8,81.1,34.0,32.6,411.9,Dunning,,NO,,,Wetland,3.0,2.0,Carnivore,Aquatic predator,Aquatic
53,Western_Grebe,Western Grebe,Aechmophorus occidentalis,eBird common-name exact match after punctuation and possessive normalization,True,Aechmophorus occidentalis,Podicipedidae,Podicipediformes,AVIBASE-C6E1197B,4.0,0.0,3.0,1.0,4.0,73.2,54.1,6.6,10.2,71.7,184.5,75.4,109.0,40.8,29.8,1137.0,Dunning,,NO,,,Wetland,3.0,3.0,Carnivore,Aquatic predator,Aquatic
54,Blue_Grosbeak,Blue Grosbeak,Passerina caerulea,eBird common-name exact match after punctuation and possessive normalization,True,Passerina caerulea,Cardinalidae,Passeriformes,AVIBASE-A7A75EA1,22.0,7.0,14.0,1.0,7.0,17.0,12.3,7.4,10.9,20.3,86.1,19.9,67.2,22.9,64.4,27.4,Dunning,,NO,,,Forest,2.0,3.0,Carnivore,Invertivore,Generalist
55,Evening_Grosbeak,Evening Grosbeak,Coccothraustes vespertinus,eBird common-name exact match after punctuation and possessive normalization,True,Coccothraustes vespertinus,Fringillidae,Passeriformes,AVIBASE-C6B5497C,5.0,2.0,3.0,0.0,4.0,22.7,16.0,10.5,14.5,21.4,109.8,37.6,72.4,34.2,67.2,57.3,Dunning,,NO,,,Forest,1.0,2.0,Herbivore,Omnivore,Insessorial
56,Pine_Grosbeak,Pine Grosbeak,Pinicola enucleator,eBird common-name exact match after punctuation and possessive normalization,True,Pinicola enucleator,Fringillidae,Passeriformes,AVIBASE-83AC4DAD,13.0,6.0,7.0,0.0,4.0,16.6,12.3,8.6,11.2,19.6,109.2,32.1,77.1,29.4,85.1,56.4,Dunning,,NO,,,Forest,1.0,2.0,Herbivore,Omnivore,Insessorial
57,Rose_breasted_Grosbeak,Rose breasted Grosbeak,Pheucticus ludovicianus,eBird common-name exact match after punctuation and possessive normalization,True,Pheucticus ludovicianus,Cardinalidae,Passeriformes,AVIBASE-7C2FCB13,47.0,25.0,21.0,1.0,10.0,18.6,11.8,8.8,11.8,21.6,101.3,27.4,75.8,26.5,74.6,42.0,Dunning,,NO,,,Forest,2.0,3.0,Herbivore,Omnivore,Insessorial
58,Pigeon_Guillemot,Pigeon Guillemot,Cepphus columba,eBird common-name exact match after punctuation and possessive normalization,True,Cepphus columba,Alcidae,Charadriiformes,AVIBASE-2F5DF476,5.0,3.0,2.0,0.0,4.0,36.5,22.4,6.1,9.9,32.0,173.4,69.2,103.5,40.1,46.4,530.0,Dunning,,NO,,,Marine,3.0,3.0,Carnivore,Aquatic predator,Aquatic
59,California_Gull,California Gull,Larus californicus,eBird common-name exact match after punctuation and possessive normalization,True,Larus californicus,Laridae,Charadriiformes,AVIBASE-7FCE8A43,4.0,2.0,2.0,0.0,4.0,55.7,19.8,7.0,14.2,57.0,377.0,220.2,156.8,58.4,140.0,683.4,Dunning,,NO,,,Coastal,3.0,2.0,Omnivore,Omnivore,Terrestrial
60,Glaucous_winged_Gull,Glaucous winged Gull,Larus glaucescens,eBird common-name exact match after punctuation and possessive normalization,True,Larus glaucescens,Laridae,Charadriiformes,AVIBASE-03AC32BA,4.0,2.0,2.0,0.0,4.0,69.8,25.2,9.2,19.7,65.2,411.8,218.2,193.5,53.0,166.0,1056.5,Dunning,,NO,,,Coastal,3.0,3.0,Carnivore,Aquatic predator,Generalist
61,Heermann_Gull,Heermann Gull,Larus heermanni,eBird common-name exact match after punctuation and possessive normalization,True,Larus heermanni,Laridae,Charadriiformes,AVIBASE-6996D540,4.0,2.0,2.0,0.0,4.0,56.3,18.0,6.0,12.2,51.6,336.2,185.8,150.5,55.2,133.2,500.0,Dunning,,NO,,,Coastal,3.0,1.0,Carnivore,Aquatic predator,Aerial
62,Herring_Gull,Herring Gull,Larus argentatus,eBird common-name exact match after punctuation and possessive normalization,True,Larus argentatus,Laridae,Charadriiformes,AVIBASE-8535345B,16.0,5.0,10.0,1.0,10.0,70.5,25.3,8.8,18.5,64.9,429.0,236.3,193.8,54.9,168.5,1091.0,Dunning,,NO,,,Coastal,3.0,2.0,Carnivore,Aquatic predator,Generalist
63,Ivory_Gull,Ivory Gull,Pagophila eburnea,eBird common-name exact match after punctuation and possessive normalization,True,Pagophila eburnea,Laridae,Charadriiformes,AVIBASE-FED91A1F,5.0,2.0,2.0,1.0,4.0,45.1,16.5,6.6,11.6,38.7,333.4,201.8,129.2,61.0,137.0,550.0,Dunning,,NO,,,Marine,3.0,2.0,Carnivore,Aquatic predator,Aerial
64,Ring_billed_Gull,Ring billed Gull,Larus delawarensis,eBird common-name exact match after punctuation and possessive normalization,True,Larus delawarensis,Laridae,Charadriiformes,AVIBASE-23863F65,5.0,2.0,2.0,1.0,4.0,48.1,19.6,6.2,13.0,51.2,366.0,205.5,160.0,56.2,133.2,516.3,Dunning,,NO,,,Coastal,3.0,2.0,Carnivore,Omnivore,Terrestrial
65,Slaty_backed_Gull,Slaty backed Gull,Larus schistisagus,eBird common-name exact match after punctuation and possessive normalization,True,Larus schistisagus,Laridae,Charadriiformes,AVIBASE-456C7FAE,4.0,2.0,2.0,0.0,4.0,68.1,24.8,9.2,19.6,68.2,435.0,231.0,204.0,53.1,171.5,1323.0,Dunning,,NO,,,Coastal,3.0,2.0,Carnivore,Omnivore,Generalist
66,Western_Gull,Western Gull,Larus occidentalis,eBird common-name exact match after punctuation and possessive normalization,True,Larus occidentalis,Laridae,Charadriiformes,AVIBASE-575A3E3B,6.0,4.0,2.0,0.0,5.0,64.8,23.8,8.5,18.3,64.2,397.5,200.6,193.0,51.0,145.2,922.8,Dunning,,NO,,,Marine,3.0,2.0,Carnivore,Omnivore,Generalist
67,Anna_Hummingbird,Anna Hummingbird,Calypte anna,eBird common-name exact match after punctuation and possessive normalization,True,Calypte anna,Trochilidae,Caprimulgiformes,AVIBASE-42393721,5.0,2.0,3.0,0.0,3.0,20.6,15.7,1.6,1.7,4.6,49.0,32.1,16.9,65.6,30.0,4.2,Dunning,,NO,,,Woodland,2.0,2.0,Herbivore,Nectarivore,Aerial
68,Ruby_throated_Hummingbird,Ruby throated Hummingbird,Archilochus colubris,eBird common-name exact match after punctuation and possessive normalization,True,Archilochus colubris,Trochilidae,Caprimulgiformes,AVIBASE-DEC3D8D0,11.0,4.0,6.0,1.0,4.0,20.7,15.1,1.8,1.9,3.4,40.7,27.6,14.7,65.0,24.3,3.1,Dunning,,NO,,,Woodland,2.0,3.0,Omnivore,Nectarivore,Generalist
69,Rufous_Hummingbird,Rufous Hummingbird,Selasphorus rufus,eBird common-name exact match after punctuation and possessive normalization,True,Selasphorus rufus,Trochilidae,Caprimulgiformes,AVIBASE-1E1B6D19,5.0,2.0,3.0,0.0,4.0,20.4,15.4,1.6,1.7,2.5,40.7,28.2,13.9,67.0,29.8,3.5,Dunning,,NO,,,Forest,2.0,1.0,Herbivore,Nectarivore,Aerial
70,Green_Violetear,Green Violetear,Colibri thalassinus,Historical broad Green Violetear taxon,True,Colibri thalassinus,Trochilidae,Caprimulgiformes,AVIBASE-B9BA2058,2.0,1.0,1.0,0.0,1.0,23.9,20.0,2.0,1.8,6.1,63.0,33.2,24.8,57.2,42.0,5.9,Dunning,,NO,,,Forest,2.0,1.0,Herbivore,Nectarivore,Aerial
71,Long_tailed_Jaeger,Long tailed Jaeger,Stercorarius longicaudus,eBird common-name exact match after punctuation and possessive normalization,True,Stercorarius longicaudus,Stercorariidae,Charadriiformes,AVIBASE-1D446440,10.0,5.0,5.0,0.0,4.0,32.9,11.2,5.4,9.2,40.7,301.7,181.4,120.2,60.2,245.5,287.9,Dunning,,NO,,,Marine,3.0,3.0,Carnivore,Aquatic predator,Aerial
72,Pomarine_Jaeger,Pomarine Jaeger,Stercorarius pomarinus,eBird common-name exact match after punctuation and possessive normalization,True,Stercorarius pomarinus,Stercorariidae,Charadriiformes,AVIBASE-7CB8F5B7,9.0,4.0,5.0,0.0,4.0,45.8,16.1,7.2,12.5,52.0,350.8,196.1,154.5,55.8,175.6,692.5,Dunning,,NO,,,Marine,3.0,3.0,Carnivore,Aquatic predator,Aerial
73,Blue_Jay,Blue Jay,Cyanocitta cristata,eBird common-name exact match after punctuation and possessive normalization,True,Cyanocitta cristata,Corvidae,Passeriformes,AVIBASE-1DA430B8,11.0,2.0,9.0,0.0,4.0,29.9,18.6,10.1,8.9,34.7,130.0,22.9,108.3,17.4,121.4,88.0,Dunning,,NO,,,Woodland,2.0,1.0,Omnivore,Omnivore,Terrestrial
74,Florida_Jay,Florida Jay,Aphelocoma coerulescens,Florida Scrub-Jay,True,Aphelocoma coerulescens,Corvidae,Passeriformes,AVIBASE-D78D24B9,9.0,2.0,7.0,0.0,4.0,30.0,17.7,9.1,9.1,37.8,116.7,20.6,96.2,17.5,140.5,77.1,Dunning,,NO,,,Shrubland,2.0,1.0,Omnivore,Omnivore,Insessorial
75,Green_Jay,Green Jay,Cyanocorax yncas,eBird common-name exact match after punctuation and possessive normalization,True,Cyanocorax yncas,Corvidae,Passeriformes,AVIBASE-361B447A,30.0,9.0,20.0,1.0,8.0,29.6,16.2,9.3,9.9,38.7,121.5,9.5,112.4,7.8,139.3,78.5,Dunning,,NO,,,Forest,2.0,1.0,Omnivore,Omnivore,Insessorial
76,Dark_eyed_Junco,Dark eyed Junco,Junco hyemalis,eBird common-name exact match after punctuation and possessive normalization,True,Junco hyemalis,Passerellidae,Passeriformes,AVIBASE-05FF3C9B,8.0,3.0,5.0,0.0,4.0,11.6,7.8,4.5,5.3,21.1,75.2,16.4,58.6,21.9,63.8,19.5,Dunning,,NO,,,Forest,2.0,3.0,Herbivore,Granivore,Generalist
77,Tropical_Kingbird,Tropical Kingbird,Tyrannus melancholicus,eBird common-name exact match after punctuation and possessive normalization,True,Tyrannus melancholicus,Tyrannidae,Passeriformes,AVIBASE-BB6B236F,55.0,15.0,13.0,27.0,4.0,23.5,17.4,9.7,7.4,18.7,108.8,25.5,81.6,23.7,91.9,37.4,Dunning,,NO,,,Human Modified,3.0,1.0,Carnivore,Invertivore,Insessorial
78,Gray_Kingbird,Gray Kingbird,Tyrannus dominicensis,eBird common-name exact match after punctuation and possessive normalization,True,Tyrannus dominicensis,Tyrannidae,Passeriformes,AVIBASE-F5388B5E,9.0,4.0,5.0,0.0,4.0,30.6,21.6,11.5,8.8,18.5,116.6,35.2,81.6,30.1,89.0,46.5,Dunning,,NO,,,Forest,3.0,2.0,Carnivore,Omnivore,Insessorial
79,Belted_Kingfisher,Belted Kingfisher,Megaceryle alcyon,eBird common-name exact match after punctuation and possessive normalization,True,Megaceryle alcyon,Alcedinidae,Coraciiformes,AVIBASE-3558066B,6.0,3.0,3.0,0.0,4.0,58.6,44.8,9.5,13.4,12.5,158.8,53.2,105.0,33.6,94.3,148.0,Dunning,,NO,,,Riverine,3.0,2.0,Carnivore,Aquatic predator,Insessorial
80,Green_Kingfisher,Green Kingfisher,Chloroceryle americana,eBird common-name exact match after punctuation and possessive normalization,True,Chloroceryle americana,Alcedinidae,Coraciiformes,AVIBASE-ED7D6741,28.0,9.0,19.0,0.0,12.0,42.0,34.2,6.2,8.7,7.8,76.8,19.7,57.3,25.6,57.8,33.7,Dunning,,NO,,,Riverine,3.0,1.0,Carnivore,Aquatic predator,Insessorial
81,Pied_Kingfisher,Pied Kingfisher,Ceryle rudis,eBird common-name exact match after punctuation and possessive normalization,True,Ceryle rudis,Alcedinidae,Coraciiformes,AVIBASE-8205077F,6.0,3.0,3.0,0.0,4.0,64.2,50.6,9.1,11.6,11.0,136.2,47.5,90.0,34.5,75.7,84.4,Dunning,,NO,,,Wetland,3.0,1.0,Carnivore,Aquatic predator,Insessorial
82,Ringed_Kingfisher,Ringed Kingfisher,Megaceryle torquata,eBird common-name exact match after punctuation and possessive normalization,True,Megaceryle torquata,Alcedinidae,Coraciiformes,AVIBASE-5EFB075F,22.0,12.0,9.0,1.0,4.0,83.6,65.2,14.9,21.1,14.3,191.3,46.5,143.0,24.5,120.2,317.0,Dunning,,NO,,,Riverine,3.0,1.0,Carnivore,Aquatic predator,Insessorial
83,White_breasted_Kingfisher,White breasted Kingfisher,Halcyon smyrnensis,White-throated Kingfisher synonym,True,Halcyon smyrnensis,Alcedinidae,Coraciiformes,AVIBASE-B30B6781,10.0,2.0,7.0,1.0,10.0,59.8,48.4,13.7,14.3,15.0,113.2,24.5,88.7,21.7,78.3,91.4,Dunning,,NO,,,Human Modified,2.0,2.0,Carnivore,Omnivore,Insessorial
84,Red_legged_Kittiwake,Red legged Kittiwake,Rissa brevirostris,eBird common-name exact match after punctuation and possessive normalization,True,Rissa brevirostris,Laridae,Charadriiformes,AVIBASE-58B576ED,5.0,2.0,3.0,0.0,4.0,38.2,13.8,5.2,10.8,30.0,299.8,185.2,112.8,62.2,112.8,377.0,Dunning,,NO,,,Marine,3.0,2.0,Carnivore,Aquatic predator,Aerial
85,Horned_Lark,Horned Lark,Eremophila alpestris,eBird common-name exact match after punctuation and possessive normalization,True,Eremophila alpestris,Alaudidae,Passeriformes,AVIBASE-FC0A1D95,14.0,6.0,8.0,0.0,4.0,13.9,9.2,4.2,5.0,23.5,108.1,41.7,66.2,38.6,71.4,33.3,Dunning,,NO,,,Grassland,3.0,3.0,Omnivore,Omnivore,Terrestrial
86,Pacific_Loon,Pacific Loon,Gavia pacifica,eBird common-name exact match after punctuation and possessive normalization,True,Gavia pacifica,Gaviidae,Gaviiformes,AVIBASE-B7D7EF23,5.0,1.0,2.0,2.0,4.0,71.9,41.1,8.3,12.9,72.8,291.2,139.0,151.5,47.9,48.4,2251.1,Dunning,,NO,,,Wetland,3.0,3.0,Carnivore,Aquatic predator,Aquatic
87,Mallard,Mallard,Anas platyrhynchos,eBird common-name exact match after punctuation and possessive normalization,True,Anas platyrhynchos,Anatidae,Anseriformes,AVIBASE-85625D75,12.0,6.0,6.0,0.0,4.0,58.5,41.0,20.8,17.8,40.6,263.4,133.5,129.9,50.7,86.9,843.4,Dunning,,NO,,,Wetland,3.0,2.0,Herbivore,Herbivore aquatic,Aquatic
88,Western_Meadowlark,Western Meadowlark,Sturnella neglecta,eBird common-name exact match after punctuation and possessive normalization,True,Sturnella neglecta,Icteridae,Passeriformes,AVIBASE-4A5B4883,5.0,2.0,3.0,0.0,4.0,33.8,22.0,6.1,7.5,35.0,117.0,32.5,84.5,27.8,71.6,100.1,Dunning,,NO,,,Grassland,3.0,2.0,Omnivore,Invertivore,Terrestrial
89,Hooded_Merganser,Hooded Merganser,Lophodytes cucullatus,eBird common-name exact match after punctuation and possessive normalization,True,Lophodytes cucullatus,Anatidae,Anseriformes,AVIBASE-60E6081E,5.0,2.0,3.0,0.0,4.0,39.6,27.6,8.3,9.3,29.2,186.6,95.0,91.5,50.9,85.6,613.8,Dunning,,NO,,,Wetland,3.0,3.0,Carnivore,Aquatic predator,Aquatic
90,Red_breasted_Merganser,Red breasted Merganser,Mergus serrator,eBird common-name exact match after punctuation and possessive normalization,True,Mergus serrator,Anatidae,Anseriformes,AVIBASE-8DB64266,9.0,4.0,5.0,0.0,4.0,65.0,42.8,8.2,10.6,45.5,233.6,114.8,118.0,49.3,76.2,1015.2,Dunning,,NO,,,Wetland,3.0,3.0,Carnivore,Aquatic predator,Aquatic
91,Mockingbird,Mockingbird,Mimus polyglottos,Northern Mockingbird; abbreviated common label,True,Mimus polyglottos,Mimidae,Passeriformes,AVIBASE-7EFF698D,12.0,5.0,7.0,0.0,4.0,22.1,12.2,4.6,5.3,32.2,112.3,23.1,90.5,20.6,117.6,48.5,Dunning,,NO,,,Shrubland,2.0,3.0,Omnivore,Omnivore,Generalist
92,Nighthawk,Nighthawk,,Ambiguous common/genus label; ecology withheld pending taxonomic verification,False,,,,,,,,,,,,,,,,,,,,,,,,,,,,,,,
93,Clark_Nutcracker,Clark Nutcracker,Nucifraga columbiana,eBird common-name exact match after punctuation and possessive normalization,True,Nucifraga columbiana,Corvidae,Passeriformes,AVIBASE-D1FC2D6B,12.0,2.0,10.0,0.0,4.0,44.3,35.4,11.6,12.3,36.7,191.0,61.6,129.3,32.2,112.0,129.8,Dunning,,NO,,,Forest,1.0,2.0,Omnivore,Omnivore,Insessorial
94,White_breasted_Nuthatch,White breasted Nuthatch,Sitta carolinensis,eBird common-name exact match after punctuation and possessive normalization,True,Sitta carolinensis,Sittidae,Passeriformes,AVIBASE-19CCBBD2,5.0,2.0,3.0,0.0,4.0,19.1,12.2,4.0,4.2,18.5,88.6,27.6,60.9,31.2,48.8,21.0,Dunning,,NO,,,Forest,1.0,1.0,Omnivore,Omnivore,Insessorial
95,Baltimore_Oriole,Baltimore Oriole,Icterus galbula,eBird common-name exact match after punctuation and possessive normalization,True,Icterus galbula,Icteridae,Passeriformes,AVIBASE-5110842F,23.0,10.0,12.0,1.0,10.0,21.1,13.3,5.0,6.4,23.4,92.1,25.5,67.4,27.4,73.3,32.8,Dunning,,NO,,,Forest,1.0,3.0,Omnivore,Invertivore,Insessorial
96,Hooded_Oriole,Hooded Oriole,Icterus cucullatus,eBird common-name exact match after punctuation and possessive normalization,True,Icterus cucullatus,Icteridae,Passeriformes,AVIBASE-526A3692,5.0,2.0,3.0,0.0,4.0,21.2,13.9,4.3,5.2,21.6,83.4,16.4,65.7,20.0,91.4,24.3,Dunning,,NO,,,Woodland,2.0,2.0,Omnivore,Omnivore,Insessorial
97,Orchard_Oriole,Orchard Oriole,Icterus spurius,eBird common-name exact match after punctuation and possessive normalization,True,Icterus spurius,Icteridae,Passeriformes,AVIBASE-000482C9,19.0,7.0,12.0,0.0,7.0,17.3,11.6,4.4,5.2,21.3,76.3,19.8,55.7,26.2,67.2,19.4,Dunning,,NO,,,Forest,2.0,3.0,Carnivore,Invertivore,Insessorial
98,Scott_Oriole,Scott Oriole,Icterus parisorum,eBird common-name exact match after punctuation and possessive normalization,True,Icterus parisorum,Icteridae,Passeriformes,AVIBASE-9EE6D524,5.0,2.0,3.0,0.0,4.0,24.0,15.8,5.3,6.3,22.7,98.9,24.0,73.7,24.5,87.2,36.5,Dunning,,NO,,,Shrubland,3.0,2.0,Carnivore,Invertivore,Insessorial
99,Ovenbird,Ovenbird,Seiurus aurocapilla,eBird common-name exact match after punctuation and possessive normalization,True,Seiurus aurocapilla,Parulidae,Passeriformes,AVIBASE-CEA5B6AA,21.0,5.0,8.0,8.0,4.0,15.1,8.9,3.6,4.1,22.3,73.2,18.3,55.1,24.9,50.4,18.8,Dunning,,NO,,,Forest,1.0,3.0,Carnivore,Invertivore,Terrestrial
100,Brown_Pelican,Brown Pelican,Pelecanus occidentalis,eBird common-name exact match after punctuation and possessive normalization,True,Pelecanus occidentalis,Pelecanidae,Pelecaniformes,AVIBASE-F59AB6B3,5.0,2.0,0.0,3.0,4.0,319.5,285.0,38.8,43.4,71.7,494.6,241.0,259.5,48.1,128.2,3427.8,Dunning,,NO,,,Marine,3.0,1.0,Carnivore,Aquatic predator,Aerial
101,White_Pelican,White Pelican,Pelecanus erythrorhynchos,American White Pelican; North American CUB label,True,Pelecanus erythrorhynchos,Pelecanidae,Pelecaniformes,AVIBASE-866903B9,5.0,0.0,2.0,3.0,4.0,319.8,296.8,39.6,38.8,115.9,561.0,251.0,308.8,44.9,146.2,5608.5,Dunning,,NO,,,Wetland,3.0,2.0,Carnivore,Aquatic predator,Aquatic
102,Western_Wood_Pewee,Western Wood Pewee,Contopus sordidulus,eBird common-name exact match after punctuation and possessive normalization,True,Contopus sordidulus,Tyrannidae,Passeriformes,AVIBASE-F6CA75F0,14.0,5.0,5.0,4.0,4.0,16.4,9.2,6.4,4.1,13.8,82.6,29.0,57.7,33.5,60.2,13.1,Dunning,,NO,,,Forest,1.0,3.0,Carnivore,Invertivore,Insessorial
103,Sayornis,Sayornis,,Ambiguous common/genus label; ecology withheld pending taxonomic verification,False,,,,,,,,,,,,,,,,,,,,,,,,,,,,,,,
104,American_Pipit,American Pipit,Anthus rubescens,eBird common-name exact match after punctuation and possessive normalization,True,Anthus rubescens,Motacillidae,Passeriformes,AVIBASE-8F268682,5.0,2.0,3.0,0.0,4.0,14.5,9.4,3.1,3.1,21.2,85.0,24.1,60.9,28.4,67.6,20.7,Dunning,,NO,,,Grassland,3.0,3.0,Carnivore,Invertivore,Terrestrial
105,Whip_poor_Will,Whip poor Will,Antrostomus vociferus,Eastern Whip-poor-will; historical name,True,Antrostomus vociferus,Caprimulgidae,Caprimulgiformes,AVIBASE-1A09655B,5.0,1.0,1.0,3.0,4.0,16.1,6.7,3.8,2.7,15.1,154.4,72.3,84.4,46.1,114.2,53.3,Dunning,,NO,,,Forest,1.0,3.0,Carnivore,Invertivore,Generalist
106,Horned_Puffin,Horned Puffin,Fratercula corniculata,eBird common-name exact match after punctuation and possessive normalization,True,Fratercula corniculata,Alcidae,Charadriiformes,AVIBASE-24111FA5,6.0,3.0,3.0,0.0,4.0,51.0,16.8,7.3,31.6,32.1,185.5,96.8,88.4,52.3,63.3,536.1,Dunning,,NO,,,Marine,3.0,3.0,Carnivore,Aquatic predator,Aquatic
107,Common_Raven,Common Raven,Corvus corax,eBird common-name exact match after punctuation and possessive normalization,True,Corvus corax,Corvidae,Passeriformes,AVIBASE-B9B272F4,46.0,15.0,31.0,0.0,10.0,77.0,49.2,21.9,27.9,67.1,419.7,167.2,252.7,39.8,228.7,928.0,Dunning,,NO,,,Forest,3.0,2.0,Omnivore,Omnivore,Terrestrial
108,White_necked_Raven,White necked Raven,Corvus albicollis,eBird common-name exact match after punctuation and possessive normalization,True,Corvus albicollis,Corvidae,Passeriformes,AVIBASE-EA326EA2,15.0,4.0,11.0,0.0,4.0,65.9,42.4,19.6,34.0,75.2,417.1,164.6,250.6,39.6,165.6,894.0,Dunning,,NO,,,Rock,3.0,2.0,Omnivore,Omnivore,Terrestrial
109,American_Redstart,American Redstart,Setophaga ruticilla,eBird common-name exact match after punctuation and possessive normalization,True,Setophaga ruticilla,Parulidae,Passeriformes,AVIBASE-BED38F50,35.0,18.0,16.0,1.0,6.0,12.3,6.8,4.0,3.0,17.0,62.0,15.6,48.0,24.6,52.6,8.2,Dunning,,NO,,,Forest,1.0,3.0,Carnivore,Invertivore,Insessorial
110,Geococcyx,Geococcyx,,Ambiguous common/genus label; ecology withheld pending taxonomic verification,False,,,,,,,,,,,,,,,,,,,,,,,,,,,,,,,
111,Loggerhead_Shrike,Loggerhead Shrike,Lanius ludovicianus,eBird common-name exact match after punctuation and possessive normalization,True,Lanius ludovicianus,Laniidae,Passeriformes,AVIBASE-36171C2B,11.0,2.0,9.0,0.0,4.0,21.1,12.3,6.5,8.8,27.7,96.4,21.7,74.2,22.6,96.7,51.6,Dunning,,NO,,,Shrubland,3.0,3.0,Carnivore,Invertivore,Insessorial
112,Great_Grey_Shrike,Great Grey Shrike,Lanius excubitor,eBird common-name exact match after punctuation and possessive normalization,True,Lanius excubitor,Laniidae,Passeriformes,AVIBASE-DB2501EE,37.0,8.0,29.0,0.0,16.0,23.2,13.9,6.9,9.3,29.4,109.2,28.7,80.4,26.3,106.2,63.4,Dunning,,NO,,,Shrubland,3.0,3.0,Carnivore,Vertivore,Insessorial
113,Baird_Sparrow,Baird Sparrow,Centronyx bairdii,eBird common-name exact match after punctuation and possessive normalization,True,Centronyx bairdii,Passerellidae,Passeriformes,AVIBASE-67EFC061,5.0,2.0,3.0,0.0,4.0,11.8,7.7,4.8,5.1,22.6,65.6,12.3,53.0,19.0,42.6,18.1,Dunning,,NO,,,Grassland,3.0,3.0,Herbivore,Granivore,Generalist
114,Black_throated_Sparrow,Black throated Sparrow,Amphispiza bilineata,eBird common-name exact match after punctuation and possessive normalization,True,Amphispiza bilineata,Passerellidae,Passeriformes,AVIBASE-A0F29F1E,6.0,2.0,4.0,0.0,6.0,11.7,8.2,4.6,5.9,18.1,63.5,11.3,52.2,17.7,64.8,13.5,Dunning,,NO,,,Shrubland,2.0,2.0,Omnivore,Omnivore,Generalist
115,Brewer_Sparrow,Brewer Sparrow,Spizella breweri,eBird common-name exact match after punctuation and possessive normalization,True,Spizella breweri,Passerellidae,Passeriformes,AVIBASE-29967541,6.0,2.0,4.0,0.0,5.0,12.3,6.7,3.6,4.4,16.8,62.8,12.9,50.1,20.5,57.3,10.9,Dunning,,NO,,,Shrubland,2.0,3.0,Omnivore,Omnivore,Generalist
116,Chipping_Sparrow,Chipping Sparrow,Spizella passerina,eBird common-name exact match after punctuation and possessive normalization,True,Spizella passerina,Passerellidae,Passeriformes,AVIBASE-37E9CCDA,5.0,2.0,3.0,0.0,4.0,13.1,7.0,4.0,4.9,16.3,68.0,16.3,51.0,24.2,56.0,12.2,Dunning,,NO,,,Forest,2.0,3.0,Omnivore,Omnivore,Generalist
117,Clay_colored_Sparrow,Clay colored Sparrow,Spizella pallida,eBird common-name exact match after punctuation and possessive normalization,True,Spizella pallida,Passerellidae,Passeriformes,AVIBASE-486265CF,5.0,2.0,3.0,0.0,4.0,10.1,6.0,3.4,4.9,17.4,60.8,11.2,49.0,18.6,56.8,11.2,Dunning,,NO,,,Shrubland,2.0,3.0,Omnivore,Granivore,Generalist
118,House_Sparrow,House Sparrow,Passer domesticus,eBird common-name exact match after punctuation and possessive normalization,True,Passer domesticus,Passeridae,Passeriformes,AVIBASE-240E3390,25.0,12.0,13.0,0.0,8.0,13.5,9.1,6.3,7.4,17.9,74.9,20.4,54.4,27.3,57.2,26.5,Dunning,,NO,,,Human Modified,3.0,1.0,Herbivore,Granivore,Terrestrial
119,Field_Sparrow,Field Sparrow,Spizella pusilla,eBird common-name exact match after punctuation and possessive normalization,True,Spizella pusilla,Passerellidae,Passeriformes,AVIBASE-E23F6DE0,5.0,2.0,3.0,0.0,3.0,10.4,6.6,4.3,5.2,17.9,64.4,10.8,53.5,16.7,62.0,12.5,Dunning,,NO,,,Grassland,2.0,2.0,Omnivore,Granivore,Generalist
120,Fox_Sparrow,Fox Sparrow,Passerella iliaca,eBird common-name exact match after punctuation and possessive normalization,True,Passerella iliaca,Passerellidae,Passeriformes,AVIBASE-3A7B1F59,6.0,2.0,4.0,0.0,4.0,13.5,8.5,5.3,7.4,24.1,83.7,21.9,61.9,26.1,71.3,33.3,Dunning,,NO,,,Forest,1.0,3.0,Omnivore,Omnivore,Generalist
121,Grasshopper_Sparrow,Grasshopper Sparrow,Ammodramus savannarum,eBird common-name exact match after punctuation and possessive normalization,True,Ammodramus savannarum,Passerellidae,Passeriformes,AVIBASE-5BFFE091,6.0,3.0,3.0,0.0,5.0,13.8,8.2,4.5,6.1,20.1,58.2,12.3,46.0,21.1,41.4,17.6,Dunning,,NO,,,Grassland,3.0,2.0,Omnivore,Invertivore,Generalist
122,Harris_Sparrow,Harris Sparrow,Zonotrichia querula,eBird common-name exact match after punctuation and possessive normalization,True,Zonotrichia querula,Passerellidae,Passeriformes,AVIBASE-DDAF0666,5.0,2.0,3.0,0.0,4.0,16.0,9.2,5.1,7.5,24.3,86.9,20.5,66.3,23.7,80.9,35.5,Dunning,,NO,,,Shrubland,2.0,3.0,Herbivore,Omnivore,Terrestrial
123,Henslow_Sparrow,Henslow Sparrow,Centronyx henslowii,eBird common-name exact match after punctuation and possessive normalization,True,Centronyx henslowii,Passerellidae,Passeriformes,AVIBASE-CDA2F827,9.0,4.0,5.0,0.0,8.0,13.6,8.4,4.4,6.8,16.7,54.7,8.5,45.8,15.6,49.9,12.8,Dunning,,NO,,,Grassland,3.0,2.0,Omnivore,Omnivore,Generalist
124,Le_Conte_Sparrow,Le Conte Sparrow,Ammospiza leconteii,eBird common-name exact match after punctuation and possessive normalization,True,Ammospiza leconteii,Passerellidae,Passeriformes,AVIBASE-B656B15D,6.0,3.0,3.0,0.0,6.0,11.2,7.1,4.2,5.0,17.3,53.0,10.0,43.1,18.8,52.0,13.0,Dunning,,NO,,,Grassland,3.0,3.0,Omnivore,Granivore,Generalist
125,Lincoln_Sparrow,Lincoln Sparrow,Melospiza lincolnii,eBird common-name exact match after punctuation and possessive normalization,True,Melospiza lincolnii,Passerellidae,Passeriformes,AVIBASE-AF49F890,4.0,2.0,2.0,0.0,4.0,13.2,8.0,4.0,5.1,20.1,64.0,14.3,49.7,22.3,56.8,16.6,Dunning,,NO,,,Wetland,2.0,3.0,Omnivore,Omnivore,Generalist
126,Nelson_Sharp_tailed_Sparrow,Nelson Sharp tailed Sparrow,Ammospiza nelsoni,Nelson's Sparrow; historical name,True,Ammospiza nelsoni,Passerellidae,Passeriformes,AVIBASE-727D994F,11.0,5.0,6.0,0.0,9.0,14.4,8.7,3.8,5.2,21.7,56.4,12.4,44.1,21.9,47.7,15.1,Dunning,,NO,,,Wetland,3.0,3.0,Omnivore,Invertivore,Generalist
127,Savannah_Sparrow,Savannah Sparrow,Passerculus sandwichensis,eBird common-name exact match after punctuation and possessive normalization,True,Passerculus sandwichensis,Passerellidae,Passeriformes,AVIBASE-31CE00C7,4.0,1.0,3.0,0.0,4.0,12.8,8.3,4.1,5.4,20.7,72.8,17.6,55.2,24.1,51.2,20.0,Dunning,,NO,,,Grassland,3.0,3.0,Omnivore,Omnivore,Generalist
128,Seaside_Sparrow,Seaside Sparrow,Ammospiza maritima,eBird common-name exact match after punctuation and possessive normalization,True,Ammospiza maritima,Passerellidae,Passeriformes,AVIBASE-0F81304F,9.0,4.0,5.0,0.0,8.0,16.3,11.1,4.2,6.3,22.9,60.6,9.1,51.8,14.8,54.8,22.2,Dunning,,NO,,,Wetland,3.0,2.0,Carnivore,Invertivore,Terrestrial
129,Song_Sparrow,Song Sparrow,Melospiza melodia,eBird common-name exact match after punctuation and possessive normalization,True,Melospiza melodia,Passerellidae,Passeriformes,AVIBASE-A5F09E05,6.0,2.0,3.0,1.0,5.0,13.4,8.5,5.3,6.7,21.5,66.3,13.2,52.6,20.1,67.2,21.9,Dunning,,NO,,,Shrubland,2.0,2.0,Omnivore,Omnivore,Generalist
130,Tree_Sparrow,Tree Sparrow,,Ambiguous common/genus label; ecology withheld pending taxonomic verification,False,,,,,,,,,,,,,,,,,,,,,,,,,,,,,,,
131,Vesper_Sparrow,Vesper Sparrow,Pooecetes gramineus,eBird common-name exact match after punctuation and possessive normalization,True,Pooecetes gramineus,Passerellidae,Passeriformes,AVIBASE-3647E146,5.0,2.0,3.0,0.0,4.0,12.0,7.7,4.9,6.6,20.1,78.6,18.8,60.0,23.9,59.6,25.7,Dunning,,NO,,,Grassland,3.0,3.0,Omnivore,Omnivore,Generalist
132,White_crowned_Sparrow,White crowned Sparrow,Zonotrichia leucophrys,eBird common-name exact match after punctuation and possessive normalization,True,Zonotrichia leucophrys,Passerellidae,Passeriformes,AVIBASE-8601A467,5.0,2.0,3.0,0.0,4.0,15.4,8.4,4.5,6.0,22.8,78.7,18.5,60.9,23.4,70.6,28.0,Dunning,,NO,,,Shrubland,2.0,3.0,Omnivore,Omnivore,Generalist
133,White_throated_Sparrow,White throated Sparrow,Zonotrichia albicollis,eBird common-name exact match after punctuation and possessive normalization,True,Zonotrichia albicollis,Passerellidae,Passeriformes,AVIBASE-39BD9FF2,10.0,4.0,5.0,1.0,5.0,13.6,8.4,5.1,6.3,23.0,72.8,14.3,58.1,19.7,70.4,24.4,Dunning,,NO,,,Woodland,2.0,3.0,Herbivore,Omnivore,Terrestrial
134,Cape_Glossy_Starling,Cape Glossy Starling,Lamprotornis nitens,Cape Starling synonym,True,Lamprotornis nitens,Sturnidae,Passeriformes,AVIBASE-57BBB7F1,6.0,3.0,3.0,0.0,4.0,22.4,12.6,5.2,6.4,31.9,118.3,24.6,94.6,20.6,79.8,85.6,Dunning,,NO,,,Grassland,3.0,1.0,Omnivore,Omnivore,Insessorial
135,Bank_Swallow,Bank Swallow,Riparia riparia,eBird common-name exact match after punctuation and possessive normalization,True,Riparia riparia,Hirundinidae,Passeriformes,AVIBASE-94A1C447,26.0,8.0,17.0,1.0,4.0,9.4,5.0,3.7,2.5,10.5,101.8,54.0,47.9,53.0,47.2,12.7,Dunning,,NO,,,Riverine,3.0,3.0,Carnivore,Invertivore,Aerial
136,Barn_Swallow,Barn Swallow,Hirundo rustica,eBird common-name exact match after punctuation and possessive normalization,True,Hirundo rustica,Hirundinidae,Passeriformes,AVIBASE-58C502EA,68.0,23.0,24.0,21.0,10.0,12.4,6.0,4.5,2.7,11.7,115.8,62.3,56.0,52.6,70.4,17.9,Dunning,,NO,,,Human Modified,3.0,3.0,Carnivore,Invertivore,Aerial
137,Cliff_Swallow,Cliff Swallow,Petrochelidon pyrrhonota,eBird common-name exact match after punctuation and possessive normalization,True,Petrochelidon pyrrhonota,Hirundinidae,Passeriformes,AVIBASE-F5C181CA,12.0,3.0,5.0,4.0,4.0,11.3,5.9,4.5,3.0,12.6,109.3,54.2,56.4,49.0,49.2,21.6,Dunning,,NO,,,Grassland,3.0,3.0,Carnivore,Invertivore,Aerial
138,Tree_Swallow,Tree Swallow,Tachycineta bicolor,eBird common-name exact match after punctuation and possessive normalization,True,Tachycineta bicolor,Hirundinidae,Passeriformes,AVIBASE-BBA2F9DF,10.0,4.0,6.0,0.0,4.0,10.8,5.9,3.8,2.8,12.2,115.9,61.3,54.3,53.0,54.0,21.2,Dunning,,NO,,,Wetland,3.0,3.0,Carnivore,Invertivore,Aerial
139,Scarlet_Tanager,Scarlet Tanager,Piranga olivacea,eBird common-name exact match after punctuation and possessive normalization,True,Piranga olivacea,Cardinalidae,Passeriformes,AVIBASE-42101632,21.0,12.0,9.0,0.0,4.0,18.8,11.5,7.2,8.2,19.4,92.6,29.5,65.9,30.9,63.8,28.2,Dunning,,NO,,,Forest,1.0,3.0,Carnivore,Invertivore,Insessorial
140,Summer_Tanager,Summer Tanager,Piranga rubra,eBird common-name exact match after punctuation and possessive normalization,True,Piranga rubra,Cardinalidae,Passeriformes,AVIBASE-891798D9,57.0,25.0,29.0,3.0,10.0,19.2,13.3,8.4,9.0,19.5,92.0,27.9,67.4,29.2,71.3,29.1,Dunning,,NO,,,Forest,1.0,3.0,Carnivore,Invertivore,Insessorial
141,Artic_Tern,Artic Tern,Sterna paradisaea,Arctic Tern spelling correction,True,Sterna paradisaea,Laridae,Charadriiformes,AVIBASE-BDC5CF80,9.0,4.0,5.0,0.0,4.0,37.8,22.8,3.8,7.0,16.1,262.7,181.1,80.9,69.1,179.6,110.0,Dunning,,NO,,,Coastal,3.0,3.0,Carnivore,Aquatic predator,Aerial
142,Black_Tern,Black Tern,Chlidonias niger,eBird common-name exact match after punctuation and possessive normalization,True,Chlidonias niger,Laridae,Charadriiformes,AVIBASE-115AF02D,10.0,4.0,5.0,1.0,8.0,31.1,18.4,3.5,5.4,15.8,201.7,123.7,75.0,62.1,77.8,65.3,Dunning,,NO,,,Wetland,3.0,3.0,Carnivore,Aquatic predator,Aerial
143,Caspian_Tern,Caspian Tern,Hydroprogne caspia,eBird common-name exact match after punctuation and possessive normalization,True,Hydroprogne caspia,Laridae,Charadriiformes,AVIBASE-BC06BC0D,10.0,5.0,5.0,0.0,4.0,78.7,49.1,10.4,19.2,42.6,410.7,268.2,143.1,65.1,148.7,655.0,Dunning,,NO,,,Wetland,3.0,3.0,Carnivore,Aquatic predator,Aerial
144,Common_Tern,Common Tern,Sterna hirundo,eBird common-name exact match after punctuation and possessive normalization,True,Sterna hirundo,Laridae,Charadriiformes,AVIBASE-4D2FF6F1,14.0,7.0,6.0,1.0,8.0,44.5,24.2,3.8,7.0,19.5,253.3,170.6,82.6,67.3,129.8,129.2,Dunning,,NO,,,Marine,3.0,3.0,Carnivore,Aquatic predator,Aerial
145,Elegant_Tern,Elegant Tern,Thalasseus elegans,eBird common-name exact match after punctuation and possessive normalization,True,Thalasseus elegans,Laridae,Charadriiformes,AVIBASE-3F9E1C51,5.0,2.0,3.0,0.0,4.0,64.4,44.6,5.8,10.3,28.2,296.6,194.5,97.5,66.6,126.6,260.0,Dunning,,NO,,,Coastal,3.0,3.0,Carnivore,Aquatic predator,Aerial
146,Forsters_Tern,Forsters Tern,Sterna forsteri,Forster's Tern possessive spelling,True,Sterna forsteri,Laridae,Charadriiformes,AVIBASE-D13B9122,5.0,2.0,3.0,0.0,4.0,45.3,28.0,4.9,8.8,24.3,252.6,173.5,79.0,68.7,131.4,149.0,Dunning,,NO,,,Wetland,3.0,3.0,Carnivore,Aquatic predator,Aerial
147,Least_Tern,Least Tern,Sternula antillarum,eBird common-name exact match after punctuation and possessive normalization,True,Sternula antillarum,Laridae,Charadriiformes,AVIBASE-BE78E765,8.0,4.0,4.0,0.0,8.0,29.5,19.8,3.1,5.6,14.6,165.1,114.2,51.0,69.1,77.8,45.9,Dunning,,NO,,,Marine,3.0,3.0,Carnivore,Aquatic predator,Aerial
148,Green_tailed_Towhee,Green tailed Towhee,Pipilo chlorurus,eBird common-name exact match after punctuation and possessive normalization,True,Pipilo chlorurus,Passerellidae,Passeriformes,AVIBASE-45D829B3,5.0,2.0,3.0,0.0,4.0,15.1,9.3,4.7,6.9,24.1,77.6,13.1,64.9,16.8,87.6,29.4,Dunning,,NO,,,Shrubland,2.0,3.0,Omnivore,Omnivore,Generalist
149,Brown_Thrasher,Brown Thrasher,Toxostoma rufum,eBird common-name exact match after punctuation and possessive normalization,True,Toxostoma rufum,Mimidae,Passeriformes,AVIBASE-C8F9F2D0,5.0,2.0,3.0,0.0,4.0,30.1,19.3,5.4,6.3,34.2,102.5,14.0,86.7,13.9,121.8,68.8,Dunning,,NO,,,Shrubland,1.0,2.0,Omnivore,Omnivore,Generalist
150,Sage_Thrasher,Sage Thrasher,Oreoscoptes montanus,eBird common-name exact match after punctuation and possessive normalization,True,Oreoscoptes montanus,Mimidae,Passeriformes,AVIBASE-F6DF700B,6.0,3.0,3.0,0.0,4.0,20.8,12.1,4.4,5.3,29.4,97.7,25.4,72.3,26.0,96.0,44.2,Dunning,,NO,,,Shrubland,3.0,3.0,Carnivore,Invertivore,Terrestrial
151,Black_capped_Vireo,Black capped Vireo,Vireo atricapilla,eBird common-name exact match after punctuation and possessive normalization,True,Vireo atricapilla,Vireonidae,Passeriformes,AVIBASE-DEFD8414,10.0,2.0,8.0,0.0,4.0,13.1,6.8,3.7,3.3,19.8,54.8,8.2,46.6,14.9,42.9,9.0,Dunning,,NO,,,Shrubland,2.0,3.0,Carnivore,Invertivore,Insessorial
152,Blue_headed_Vireo,Blue headed Vireo,Vireo solitarius,eBird common-name exact match after punctuation and possessive normalization,True,Vireo solitarius,Vireonidae,Passeriformes,AVIBASE-95DB0943,11.0,3.0,8.0,0.0,4.0,13.7,7.5,4.0,4.4,18.6,75.3,22.1,53.2,29.3,51.4,15.3,Dunning,,NO,,,Forest,1.0,3.0,Carnivore,Invertivore,Insessorial
153,Philadelphia_Vireo,Philadelphia Vireo,Vireo philadelphicus,eBird common-name exact match after punctuation and possessive normalization,True,Vireo philadelphicus,Vireonidae,Passeriformes,AVIBASE-447A1BA5,31.0,8.0,17.0,6.0,4.0,13.2,6.9,3.4,3.5,17.0,66.2,17.0,49.4,25.6,47.1,11.5,Dunning,,NO,,,Woodland,1.0,3.0,Carnivore,Invertivore,Insessorial
154,Red_eyed_Vireo,Red eyed Vireo,Vireo olivaceus,eBird common-name exact match after punctuation and possessive normalization,True,Vireo olivaceus,Vireonidae,Passeriformes,AVIBASE-847717E2,31.0,7.0,9.0,15.0,8.0,16.4,9.6,4.3,4.4,19.5,77.5,23.6,55.6,29.8,52.7,16.1,Dunning,,NO,,,Forest,1.0,3.0,Omnivore,Invertivore,Insessorial
155,Warbling_Vireo,Warbling Vireo,Vireo gilvus,AVONET historical broad species concept,True,Vireo gilvus,Vireonidae,Passeriformes,AVIBASE-66AA469C,21.0,5.0,13.0,3.0,11.0,14.3,7.5,3.7,3.7,17.6,70.1,16.5,53.5,23.5,51.3,12.7,Dunning,,NO,,,Forest,1.0,3.0,Carnivore,Invertivore,Insessorial
156,White_eyed_Vireo,White eyed Vireo,Vireo griseus,eBird common-name exact match after punctuation and possessive normalization,True,Vireo griseus,Vireonidae,Passeriformes,AVIBASE-D97F93CC,24.0,6.0,13.0,5.0,11.0,13.7,7.4,3.9,4.1,19.5,61.6,11.1,50.6,17.9,48.9,11.4,Dunning,,NO,,,Shrubland,2.0,3.0,Carnivore,Invertivore,Insessorial
157,Yellow_throated_Vireo,Yellow throated Vireo,Vireo flavifrons,eBird common-name exact match after punctuation and possessive normalization,True,Vireo flavifrons,Vireonidae,Passeriformes,AVIBASE-F8DDF6A6,27.0,7.0,13.0,7.0,4.0,15.1,8.5,4.3,4.9,19.3,76.3,25.8,50.4,33.8,48.4,18.0,Dunning,,NO,,,Forest,2.0,3.0,Carnivore,Invertivore,Insessorial
158,Bay_breasted_Warbler,Bay breasted Warbler,Setophaga castanea,eBird common-name exact match after punctuation and possessive normalization,True,Setophaga castanea,Parulidae,Passeriformes,AVIBASE-10C601D3,16.0,5.0,6.0,5.0,4.0,13.5,7.9,3.8,3.8,19.1,69.9,22.0,50.2,30.6,51.6,11.8,Dunning,,NO,,,Forest,1.0,3.0,Omnivore,Invertivore,Insessorial
159,Black_and_white_Warbler,Black and white Warbler,Mniotilta varia,eBird common-name exact match after punctuation and possessive normalization,True,Mniotilta varia,Parulidae,Passeriformes,AVIBASE-4D207AF6,20.0,12.0,8.0,0.0,4.0,13.7,9.0,2.9,3.3,17.3,68.8,17.0,49.7,25.5,46.6,10.9,Dunning,,NO,,,Forest,1.0,3.0,Carnivore,Invertivore,Insessorial
160,Black_throated_Blue_Warbler,Black throated Blue Warbler,Setophaga caerulescens,eBird common-name exact match after punctuation and possessive normalization,True,Setophaga caerulescens,Parulidae,Passeriformes,AVIBASE-67B455A7,9.0,4.0,5.0,0.0,4.0,13.0,7.4,3.4,3.3,18.6,62.2,14.9,47.0,24.1,48.9,10.1,Dunning,,NO,,,Forest,1.0,3.0,Carnivore,Invertivore,Insessorial
161,Blue_winged_Warbler,Blue winged Warbler,Vermivora cyanoptera,eBird common-name exact match after punctuation and possessive normalization,True,Vermivora cyanoptera,Parulidae,Passeriformes,AVIBASE-B617FE7D,11.0,4.0,7.0,0.0,4.0,13.0,8.5,3.0,3.3,16.3,58.3,14.3,42.6,25.2,42.5,8.9,Dunning,,NO,,,Shrubland,1.0,3.0,Carnivore,Invertivore,Insessorial
162,Canada_Warbler,Canada Warbler,Cardellina canadensis,eBird common-name exact match after punctuation and possessive normalization,True,Cardellina canadensis,Parulidae,Passeriformes,AVIBASE-F2D675AF,51.0,15.0,24.0,12.0,4.0,13.0,7.2,4.0,3.6,19.2,62.5,16.5,47.3,25.9,52.7,10.0,Dunning,,NO,,,Forest,1.0,3.0,Carnivore,Invertivore,Insessorial
163,Cape_May_Warbler,Cape May Warbler,Setophaga tigrina,eBird common-name exact match after punctuation and possessive normalization,True,Setophaga tigrina,Parulidae,Passeriformes,AVIBASE-DB20CB6B,10.0,5.0,5.0,0.0,4.0,12.6,7.6,3.2,3.3,17.5,65.7,17.5,48.2,26.7,45.2,10.0,Dunning,,NO,,,Forest,1.0,3.0,Omnivore,Invertivore,Insessorial
164,Cerulean_Warbler,Cerulean Warbler,Setophaga cerulea,eBird common-name exact match after punctuation and possessive normalization,True,Setophaga cerulea,Parulidae,Passeriformes,AVIBASE-D00EC2C9,9.0,3.0,5.0,1.0,4.0,14.3,8.2,3.2,3.3,15.5,65.6,21.9,44.0,33.2,42.3,9.0,Dunning,,NO,,,Forest,1.0,3.0,Carnivore,Invertivore,Insessorial
165,Chestnut_sided_Warbler,Chestnut sided Warbler,Setophaga pensylvanica,eBird common-name exact match after punctuation and possessive normalization,True,Setophaga pensylvanica,Parulidae,Passeriformes,AVIBASE-7AB1229B,46.0,20.0,17.0,9.0,4.0,13.4,7.6,3.6,3.6,18.7,61.6,16.9,46.5,26.6,46.2,9.3,Dunning,,NO,,,Forest,2.0,3.0,Carnivore,Invertivore,Insessorial
166,Golden_winged_Warbler,Golden winged Warbler,Vermivora chrysoptera,eBird common-name exact match after punctuation and possessive normalization,True,Vermivora chrysoptera,Parulidae,Passeriformes,AVIBASE-83F326C8,21.0,11.0,8.0,2.0,4.0,14.6,9.0,3.2,3.5,17.9,60.6,15.6,44.9,25.9,44.9,8.7,Dunning,,NO,,,Shrubland,2.0,3.0,Carnivore,Invertivore,Insessorial
167,Hooded_Warbler,Hooded Warbler,Setophaga citrina,eBird common-name exact match after punctuation and possessive normalization,True,Setophaga citrina,Parulidae,Passeriformes,AVIBASE-15EB3000,13.0,4.0,9.0,0.0,4.0,13.7,7.9,3.8,3.6,19.2,64.7,13.6,49.7,21.5,55.1,10.5,Dunning,,NO,,,Forest,2.0,3.0,Carnivore,Invertivore,Insessorial
168,Kentucky_Warbler,Kentucky Warbler,Geothlypis formosa,eBird common-name exact match after punctuation and possessive normalization,True,Geothlypis formosa,Parulidae,Passeriformes,AVIBASE-8C105C3C,19.0,4.0,13.0,2.0,4.0,13.8,8.7,3.5,3.7,22.8,66.9,16.6,50.0,24.9,48.1,14.0,Dunning,,NO,,,Forest,1.0,3.0,Carnivore,Invertivore,Generalist
169,Magnolia_Warbler,Magnolia Warbler,Setophaga magnolia,eBird common-name exact match after punctuation and possessive normalization,True,Setophaga magnolia,Parulidae,Passeriformes,AVIBASE-1E82CE1E,24.0,10.0,8.0,6.0,5.0,12.1,7.1,3.1,3.1,18.2,58.4,12.6,46.9,21.1,46.5,8.1,Dunning,,NO,,,Forest,1.0,3.0,Carnivore,Invertivore,Insessorial
170,Mourning_Warbler,Mourning Warbler,Geothlypis philadelphia,eBird common-name exact match after punctuation and possessive normalization,True,Geothlypis philadelphia,Parulidae,Passeriformes,AVIBASE-1A0096F2,71.0,29.0,28.0,14.0,7.0,12.5,8.0,3.3,3.6,22.1,59.0,15.1,44.7,25.3,47.8,11.7,Dunning,,NO,,,Forest,1.0,3.0,Carnivore,Invertivore,Insessorial
171,Myrtle_Warbler,Myrtle Warbler,Setophaga coronata,Myrtle form mapped to AVONET Yellow-rumped Warbler species average,True,Setophaga coronata,Parulidae,Passeriformes,AVIBASE-BC5A9498,23.0,11.0,12.0,0.0,10.0,13.1,7.2,3.3,3.4,18.7,73.8,18.8,55.2,25.4,56.5,11.9,Dunning,,NO,,,Forest,1.0,3.0,Carnivore,Invertivore,Insessorial
172,Nashville_Warbler,Nashville Warbler,Leiothlypis ruficapilla,eBird common-name exact match after punctuation and possessive normalization,True,Leiothlypis ruficapilla,Parulidae,Passeriformes,AVIBASE-183E5F90,5.0,2.0,3.0,0.0,4.0,11.6,7.0,2.8,3.5,16.1,56.8,13.3,43.4,23.6,42.4,8.1,Dunning,,NO,,,Forest,1.0,3.0,Carnivore,Invertivore,Insessorial
173,Orange_crowned_Warbler,Orange crowned Warbler,Leiothlypis celata,eBird common-name exact match after punctuation and possessive normalization,True,Leiothlypis celata,Parulidae,Passeriformes,AVIBASE-FFF61080,4.0,1.0,3.0,0.0,4.0,11.8,7.8,3.8,4.0,18.4,59.9,13.8,46.0,23.0,46.5,9.2,Dunning,,NO,,,Shrubland,1.0,3.0,Carnivore,Invertivore,Insessorial
174,Palm_Warbler,Palm Warbler,Setophaga palmarum,eBird common-name exact match after punctuation and possessive normalization,True,Setophaga palmarum,Parulidae,Passeriformes,AVIBASE-4AAEF549,11.0,4.0,6.0,1.0,4.0,12.9,7.1,2.8,3.1,19.1,63.7,12.7,50.4,20.1,51.0,10.3,Dunning,,NO,,,Forest,1.0,3.0,Carnivore,Invertivore,Insessorial
175,Pine_Warbler,Pine Warbler,Setophaga pinus,eBird common-name exact match after punctuation and possessive normalization,True,Setophaga pinus,Parulidae,Passeriformes,AVIBASE-6283E61E,14.0,7.0,7.0,0.0,6.0,13.4,8.0,3.1,3.8,18.6,71.8,20.6,51.2,28.6,54.0,11.8,Dunning,,NO,,,Forest,2.0,3.0,Carnivore,Invertivore,Insessorial
176,Prairie_Warbler,Prairie Warbler,Setophaga discolor,eBird common-name exact match after punctuation and possessive normalization,True,Setophaga discolor,Parulidae,Passeriformes,AVIBASE-E36325FA,16.0,6.0,8.0,2.0,7.0,11.8,7.2,2.8,2.9,17.7,55.5,11.1,44.4,20.0,48.4,7.6,Dunning,,NO,,,Shrubland,2.0,3.0,Carnivore,Invertivore,Insessorial
177,Prothonotary_Warbler,Prothonotary Warbler,Protonotaria citrea,eBird common-name exact match after punctuation and possessive normalization,True,Protonotaria citrea,Parulidae,Passeriformes,AVIBASE-4D08EE7E,15.0,7.0,8.0,0.0,4.0,17.1,10.8,3.8,3.9,18.3,68.9,20.9,48.9,30.0,42.7,14.3,Dunning,,NO,,,Forest,1.0,3.0,Carnivore,Invertivore,Insessorial
178,Swainson_Warbler,Swainson Warbler,Limnothlypis swainsonii,eBird common-name exact match after punctuation and possessive normalization,True,Limnothlypis swainsonii,Parulidae,Passeriformes,AVIBASE-D3624203,5.0,2.0,3.0,0.0,4.0,17.8,11.4,3.4,4.3,17.7,71.6,17.9,53.9,25.0,49.6,18.9,Dunning,,NO,,,Shrubland,1.0,3.0,Carnivore,Invertivore,Terrestrial
179,Tennessee_Warbler,Tennessee Warbler,Leiothlypis peregrina,eBird common-name exact match after punctuation and possessive normalization,True,Leiothlypis peregrina,Parulidae,Passeriformes,AVIBASE-D204A930,60.0,22.0,21.0,17.0,4.0,10.9,7.8,3.0,3.2,18.3,62.5,16.6,47.6,25.9,42.1,8.9,Dunning,,NO,,,Forest,1.0,3.0,Carnivore,Invertivore,Insessorial
180,Wilson_Warbler,Wilson Warbler,Cardellina pusilla,eBird common-name exact match after punctuation and possessive normalization,True,Cardellina pusilla,Parulidae,Passeriformes,AVIBASE-1F09CCCC,21.0,10.0,11.0,0.0,4.0,11.6,6.6,3.2,3.1,17.9,56.3,11.5,44.1,20.7,48.1,7.0,Dunning,,NO,,,Forest,1.0,3.0,Carnivore,Invertivore,Insessorial
181,Worm_eating_Warbler,Worm eating Warbler,Helmitheros vermivorum,eBird common-name exact match after punctuation and possessive normalization,True,Helmitheros vermivorum,Parulidae,Passeriformes,AVIBASE-295C4CD6,10.0,5.0,4.0,1.0,4.0,15.3,10.2,3.7,4.5,17.7,68.3,18.0,50.6,26.2,48.4,14.2,Dunning,,NO,,,Forest,1.0,3.0,Carnivore,Invertivore,Insessorial
182,Yellow_Warbler,Yellow Warbler,Setophaga petechia,AVONET historical broad species concept,True,Setophaga petechia,Parulidae,Passeriformes,AVIBASE-A6C0C4A9,92.0,45.0,24.0,23.0,8.0,11.7,8.0,3.4,3.2,20.0,60.2,14.1,45.7,23.6,43.3,10.2,Dunning,,NO,,,Shrubland,1.0,3.0,Carnivore,Invertivore,Insessorial
183,Northern_Waterthrush,Northern Waterthrush,Parkesia noveboracensis,eBird common-name exact match after punctuation and possessive normalization,True,Parkesia noveboracensis,Parulidae,Passeriformes,AVIBASE-709AF716,57.0,4.0,6.0,47.0,4.0,18.8,9.7,3.5,3.7,23.0,73.9,21.0,54.2,28.0,49.9,16.3,Dunning,,NO,,,Shrubland,1.0,3.0,Carnivore,Invertivore,Terrestrial
184,Louisiana_Waterthrush,Louisiana Waterthrush,Parkesia motacilla,eBird common-name exact match after punctuation and possessive normalization,True,Parkesia motacilla,Parulidae,Passeriformes,AVIBASE-7AB0F3A4,5.0,2.0,3.0,0.0,4.0,17.1,11.0,4.2,4.5,22.3,79.8,23.6,56.1,29.7,49.0,19.9,Dunning,,NO,,,Forest,1.0,3.0,Carnivore,Invertivore,Terrestrial
185,Bohemian_Waxwing,Bohemian Waxwing,Bombycilla garrulus,eBird common-name exact match after punctuation and possessive normalization,True,Bombycilla garrulus,Bombycillidae,Passeriformes,AVIBASE-AEF821EC,13.0,6.0,7.0,0.0,4.0,15.5,7.6,5.1,6.0,20.7,116.2,43.9,72.3,37.8,65.8,54.4,Dunning,,NO,,,Forest,1.0,3.0,Herbivore,Omnivore,Insessorial
186,Cedar_Waxwing,Cedar Waxwing,Bombycilla cedrorum,eBird common-name exact match after punctuation and possessive normalization,True,Bombycilla cedrorum,Bombycillidae,Passeriformes,AVIBASE-9437D635,10.0,4.0,6.0,0.0,4.0,15.1,6.6,4.5,4.9,16.7,95.4,33.5,62.0,35.1,59.8,31.6,Dunning,,NO,,,Woodland,2.0,3.0,Herbivore,Frugivore,Insessorial
187,American_Three_toed_Woodpecker,American Three toed Woodpecker,Picoides dorsalis,eBird common-name exact match after punctuation and possessive normalization,True,Picoides dorsalis,Picidae,Piciformes,AVIBASE-6D2680D0,6.0,4.0,2.0,0.0,4.0,26.9,22.7,8.6,6.8,19.3,118.2,34.1,87.4,28.0,77.8,65.5,DataFromSplit,,NO,,,Forest,1.0,1.0,Carnivore,Invertivore,Insessorial
188,Pileated_Woodpecker,Pileated Woodpecker,Dryocopus pileatus,eBird common-name exact match after punctuation and possessive normalization,True,Dryocopus pileatus,Picidae,Piciformes,AVIBASE-00635FF9,7.0,3.0,4.0,0.0,3.0,52.1,37.4,14.6,11.9,29.3,228.4,56.4,166.6,25.3,167.3,286.6,Dunning,,NO,,,Forest,1.0,1.0,Carnivore,Invertivore,Insessorial
189,Red_bellied_Woodpecker,Red bellied Woodpecker,Melanerpes carolinus,eBird common-name exact match after punctuation and possessive normalization,True,Melanerpes carolinus,Picidae,Piciformes,AVIBASE-078557F2,10.0,4.0,6.0,0.0,5.0,32.6,21.6,7.1,7.6,21.1,127.2,35.5,90.4,28.2,76.8,69.5,Dunning,,NO,,,Woodland,1.0,1.0,Omnivore,Omnivore,Insessorial
190,Red_cockaded_Woodpecker,Red cockaded Woodpecker,Dryobates borealis,eBird common-name exact match after punctuation and possessive normalization,True,Dryobates borealis,Picidae,Piciformes,AVIBASE-0BFCAE79,5.0,2.0,3.0,0.0,4.0,18.2,14.1,6.8,6.1,21.1,117.0,37.2,78.8,32.1,85.0,48.0,Dunning,,NO,,,Forest,2.0,1.0,Carnivore,Invertivore,Insessorial
191,Red_headed_Woodpecker,Red headed Woodpecker,Melanerpes erythrocephalus,eBird common-name exact match after punctuation and possessive normalization,True,Melanerpes erythrocephalus,Picidae,Piciformes,AVIBASE-448D91B7,6.0,2.0,3.0,1.0,4.0,27.3,20.3,7.6,7.4,20.6,139.7,40.6,98.9,29.1,83.3,71.6,Dunning,,NO,,,Forest,1.0,1.0,Carnivore,Invertivore,Insessorial
192,Downy_Woodpecker,Downy Woodpecker,Dryobates pubescens,eBird common-name exact match after punctuation and possessive normalization,True,Dryobates pubescens,Picidae,Piciformes,AVIBASE-1B2A6386,11.0,5.0,6.0,0.0,5.0,17.4,12.2,4.9,4.8,15.8,91.3,24.3,65.9,27.0,58.6,25.6,Dunning,,NO,,,Woodland,2.0,1.0,Carnivore,Invertivore,Insessorial
193,Bewick_Wren,Bewick Wren,Thryomanes bewickii,eBird common-name exact match after punctuation and possessive normalization,True,Thryomanes bewickii,Troglodytidae,Passeriformes,AVIBASE-603194D3,5.0,2.0,3.0,0.0,4.0,15.5,10.1,2.6,3.0,17.5,54.0,7.3,46.1,13.8,51.2,9.9,Dunning,,NO,,,Shrubland,2.0,2.0,Carnivore,Invertivore,Generalist
194,Cactus_Wren,Cactus Wren,Campylorhynchus brunneicapillus,eBird common-name exact match after punctuation and possessive normalization,True,Campylorhynchus brunneicapillus,Troglodytidae,Passeriformes,AVIBASE-891F222F,5.0,2.0,3.0,0.0,4.0,26.1,16.4,4.0,5.7,26.2,83.2,11.3,70.7,13.7,86.4,38.9,Dunning,,NO,,,Shrubland,3.0,1.0,Carnivore,Invertivore,Insessorial
195,Carolina_Wren,Carolina Wren,Thryothorus ludovicianus,eBird common-name exact match after punctuation and possessive normalization,True,Thryothorus ludovicianus,Troglodytidae,Passeriformes,AVIBASE-CB5469E1,13.0,3.0,6.0,4.0,10.0,16.9,11.1,3.2,3.9,21.4,59.4,6.8,52.6,11.4,50.7,19.0,Dunning,,NO,,,Woodland,2.0,1.0,Carnivore,Invertivore,Insessorial
196,House_Wren,House Wren,Troglodytes aedon,AVONET historical broad species concept,True,Troglodytes aedon,Troglodytidae,Passeriformes,AVIBASE-A381417F,104.0,12.0,20.0,72.0,26.0,15.9,9.8,3.0,3.1,20.1,51.4,6.7,44.9,12.9,41.1,10.9,Dunning,,NO,,,Shrubland,3.0,1.0,Carnivore,Invertivore,Insessorial
197,Marsh_Wren,Marsh Wren,Cistothorus palustris,eBird common-name exact match after punctuation and possessive normalization,True,Cistothorus palustris,Troglodytidae,Passeriformes,AVIBASE-787E0536,4.0,2.0,2.0,0.0,4.0,16.0,9.9,2.7,3.4,19.2,48.4,9.7,38.7,20.0,39.5,10.8,Dunning,,NO,,,Wetland,3.0,2.0,Carnivore,Invertivore,Insessorial
198,Rock_Wren,Rock Wren,Salpinctes obsoletus,eBird common-name exact match after punctuation and possessive normalization,True,Salpinctes obsoletus,Troglodytidae,Passeriformes,AVIBASE-76DF73A9,5.0,2.0,3.0,0.0,4.0,19.9,12.6,2.9,3.4,20.1,69.0,11.8,56.6,17.3,55.6,16.4,Dunning,,NO,,,Rock,3.0,1.0,Carnivore,Invertivore,Terrestrial
199,Winter_Wren,Winter Wren,Troglodytes hiemalis,eBird common-name exact match after punctuation and possessive normalization,True,Troglodytes hiemalis,Troglodytidae,Passeriformes,AVIBASE-C757BD95,4.0,2.0,2.0,0.0,4.0,12.5,8.5,2.3,2.3,18.1,45.8,7.7,38.0,17.0,27.6,8.9,Updated_literature,Dunning (2021),NO,,,Forest,1.0,3.0,Carnivore,Invertivore,Insessorial
200,Common_Yellowthroat,Common Yellowthroat,Geothlypis trichas,eBird common-name exact match after punctuation and possessive normalization,True,Geothlypis trichas,Parulidae,Passeriformes,AVIBASE-BA4C8A02,23.0,7.0,16.0,0.0,5.0,12.7,7.9,3.0,3.3,20.2,54.7,8.5,44.3,16.1,49.4,9.5,Dunning,,NO,,,Wetland,1.0,3.0,Carnivore,Invertivore,Insessorial
